date,name,rate
2024-01-28 00:00:00+00,AGLD,0.9106638739641199
2024-01-28 00:00:00+00,FJD,2.2401099912504296
2024-01-28 00:00:00+00,MXN,17.160199933177584
2024-01-28 00:00:00+00,TET,0.03438669039011974
2024-01-28 00:00:00+00,LVL,0.647468
2024-01-28 00:00:00+00,SCR,13.5145
2024-01-28 00:00:00+00,CDF,2740.774388
2024-01-28 00:00:00+00,BBD,2.0
2024-01-28 00:00:00+00,HNL,24.70441470642222
2024-01-28 00:00:00+00,UGX,3813.8416046666666
2024-01-28 00:00:00+00,GLM,4.5787545787545785
2024-01-28 00:00:00+00,KUJI,0.30257631125913365
2024-01-28 00:00:00+00,RAY,0.8565212297230352
2024-01-28 00:00:00+00,NEAR,0.3435835767050335
2024-01-28 00:00:00+00,BTC.B,0.00002366608935109595
2024-01-28 00:00:00+00,AIOZ,7.639419404125286
2024-01-28 00:00:00+00,AUDIO,5.3205639797818565
2024-01-28 00:00:00+00,WLD,0.4136397727382494
2024-01-28 00:00:00+00,HNT,0.1249609497032177
2024-01-28 00:00:00+00,CDT,4.097375830470353
2024-01-28 00:00:00+00,FDUSD,1.0001457778918093
2024-01-28 00:00:00+00,FARM,0.0243072435585805
2024-01-28 00:00:00+00,SDG,601.0000000000028
2024-01-28 00:00:00+00,KUB,0.5061810996697433
2024-01-28 00:00:00+00,IQD,1310.870826
2024-01-28 00:00:00+00,GMD,67.3275
2024-01-28 00:00:00+00,RBN,1.8870060761595653
2024-01-28 00:00:00+00,ZRX,2.5913616957870937
2024-01-28 00:00:00+00,BCH,0.0041027324197916
2024-01-28 00:00:00+00,MYR,4.7275
2024-01-28 00:00:00+00,FKP,0.7870545271376401
2024-01-28 00:00:00+00,JST,33.09184221763579
2024-01-28 00:00:00+00,HOT,519.3844014658627
2024-01-28 00:00:00+00,XOF,604.8720498998618
2024-01-28 00:00:00+00,GMT,3.745318352059925
2024-01-28 00:00:00+00,SWETH,0.00042393822148866395
2024-01-28 00:00:00+00,AR,0.11184463256158654
2024-01-28 00:00:00+00,GMX,0.02288429208882691
2024-01-28 00:00:00+00,SEI,1.5549681231534753
2024-01-28 00:00:00+00,SEK,10.451899366976104
2024-01-28 00:00:00+00,GNF,8602.6397965
2024-01-28 00:00:00+00,MZN,63.85248707509398
2024-01-28 00:00:00+00,QAR,3.6410000000000005
2024-01-28 00:00:00+00,JTO,0.4790189691511784
2024-01-28 00:00:00+00,WEMIX,0.4213500510217291
2024-01-28 00:00:00+00,CFG,1.9897659690837775
2024-01-28 00:00:00+00,IRR,42037.5
2024-01-28 00:00:00+00,GNO,0.0047300333467351
2024-01-28 00:00:00+00,GNT,4.616776491065605
2024-01-28 00:00:00+00,FLR,46.959380136182205
2024-01-28 00:00:00+00,GNS,0.21392762753882083
2024-01-28 00:00:00+00,XPD,0.001042564999976
2024-01-28 00:00:00+00,THB,35.63072547654563
2024-01-28 00:00:00+00,XPF,109.890842
2024-01-28 00:00:00+00,BIGTIME,2.6422522558228634
2024-01-28 00:00:00+00,ABT,3.9077764751856194
2024-01-28 00:00:00+00,BDT,109.80957619374038
2024-01-28 00:00:00+00,T,36.98224852071006
2024-01-28 00:00:00+00,CFX,4.693129848843717
2024-01-28 00:00:00+00,LYD,4.819999999999999
2024-01-28 00:00:00+00,CDAI,44.06902537042101
2024-01-28 00:00:00+00,BDX,22.854065489207326
2024-01-28 00:00:00+00,BABYDOGE,871740844.5160642
2024-01-28 00:00:00+00,KWD,0.30762
2024-01-28 00:00:00+00,SFP,1.4366927172042758
2024-01-28 00:00:00+00,DIA,2.35357802699554
2024-01-28 00:00:00+00,XPT,0.0010947449999772
2024-01-28 00:00:00+00,ISK,136.8249998172848
2024-01-28 00:00:00+00,JUP,184.08464753272605
2024-01-28 00:00:00+00,ACH,53.851746142868684
2024-01-28 00:00:00+00,LYX,0.1041108791226615
2024-01-28 00:00:00+00,MINA,0.9182736455463728
2024-01-28 00:00:00+00,TIA,0.0586183651337964
2024-01-28 00:00:00+00,VTHO,448.3299708585519
2024-01-28 00:00:00+00,PAB,1.0
2024-01-28 00:00:00+00,ACS,418.61146576804737
2024-01-28 00:00:00+00,SGD,1.3419033333333332
2024-01-28 00:00:00+00,STRD,0.2843041893837054
2024-01-28 00:00:00+00,WOO,2.792722194526857
2024-01-28 00:00:00+00,BLUR,1.5774114677813709
2024-01-28 00:00:00+00,REN,18.125462838812258
2024-01-28 00:00:00+00,ELA,0.2891844997108155
2024-01-28 00:00:00+00,REP,1.2208325851175321
2024-01-28 00:00:00+00,ADA,2.056978298878947
2024-01-28 00:00:00+00,ELF,1.660465675413389
2024-01-28 00:00:00+00,REQ,11.655011655011656
2024-01-28 00:00:00+00,STORJ,1.5658028654192437
2024-01-28 00:00:00+00,CHF,0.8640353333333333
2024-01-28 00:00:00+00,HRK,6.9412600000000015
2024-01-28 00:00:00+00,RARI,0.6872852233676976
2024-01-28 00:00:00+00,DJF,177.9616965
2024-01-28 00:00:00+00,ELG,1.3283503227673592
2024-01-28 00:00:00+00,RARE,9.818360333824252
2024-01-28 00:00:00+00,PAXG,0.0005001836561156998
2024-01-28 00:00:00+00,PAX,1.0058844238796962
2024-01-28 00:00:00+00,XRD,23.41420128710762
2024-01-28 00:00:00+00,CHR,3.6628811881758363
2024-01-28 00:00:00+00,VND,24603.749936458615
2024-01-28 00:00:00+00,WAVES,0.4434446768077016
2024-01-28 00:00:00+00,CHZ,8.94854586129754
2024-01-28 00:00:00+00,KYD,0.8333945
2024-01-28 00:00:00+00,XRP,1.8855472800980484
2024-01-28 00:00:00+00,FLOKI,34297.8730983985
2024-01-28 00:00:00+00,JASMY,190.65776930409913
2024-01-28 00:00:00+00,SHP,0.7870545834978147
2024-01-28 00:00:00+00,INDEX,0.2430133657351154
2024-01-28 00:00:00+00,BGB,1.6937814941538794
2024-01-28 00:00:00+00,TJS,10.905864
2024-01-28 00:00:00+00,AED,3.6729766666666666
2024-01-28 00:00:00+00,FIDA,3.667033370003667
2024-01-28 00:00:00+00,SAND,2.1985269869187642
2024-01-28 00:00:00+00,DKK,6.867483329854835
2024-01-28 00:00:00+00,WCFG,2.0100502512562812
2024-01-28 00:00:00+00,ZWD,377.4
2024-01-28 00:00:00+00,OCEAN,2.270663033605813
2024-01-28 00:00:00+00,BGN,1.80174
2024-01-28 00:00:00+00,UMA,0.192845434384341
2024-01-28 00:00:00+00,FOX,31.39717425431711
2024-01-28 00:00:00+00,ZWL,9659.37
2024-01-28 00:00:00+00,TUSD,1.0113513212984617
2024-01-28 00:00:00+00,HTG,131.60805344907703
2024-01-28 00:00:00+00,RGT,2.634060446793456
2024-01-28 00:00:00+00,BHD,0.3769175
2024-01-28 00:00:00+00,ENJ,3.257328990228013
2024-01-28 00:00:00+00,OAS,9.659556230371223
2024-01-28 00:00:00+00,TKX,0.07165401492309732
2024-01-28 00:00:00+00,COVAL,98.76543209876543
2024-01-28 00:00:00+00,CGLD,1.4880952380952381
2024-01-28 00:00:00+00,KZT,450.5684626666667
2024-01-28 00:00:00+00,YFII,0.0004614313450815
2024-01-28 00:00:00+00,DIMO,1.9290681636235616
2024-01-28 00:00:00+00,GRT,6.251953735542357
2024-01-28 00:00:00+00,HBTC,0.000019194572995935587
2024-01-28 00:00:00+00,AFN,72.9573
2024-01-28 00:00:00+00,TFUEL,23.14065942839831
2024-01-28 00:00:00+00,ENS,0.0509035377958768
2024-01-28 00:00:00+00,UNI,0.1670704201821068
2024-01-28 00:00:00+00,FX,6.889424733034792
2024-01-28 00:00:00+00,HUF,356.73496292766197
2024-01-28 00:00:00+00,LUNC,9929.186824080356
2024-01-28 00:00:00+00,BIF,2859.335839
2024-01-28 00:00:00+00,XTZ,0.9965122072745392
2024-01-28 00:00:00+00,LUNA,1.5318513821470714
2024-01-28 00:00:00+00,AURORA,4.0241448692152915
2024-01-28 00:00:00+00,EOS,1.4091453533431975
2024-01-28 00:00:00+00,GST,79.50389569088885
2024-01-28 00:00:00+00,FORT,7.898894154818326
2024-01-28 00:00:00+00,SWFTC,591.1912503694946
2024-01-28 00:00:00+00,BIT,1.3179571663920924
2024-01-28 00:00:00+00,GT,0.21094356897062383
2024-01-28 00:00:00+00,RIF,7.526981128007619
2024-01-28 00:00:00+00,NAD,18.787907381436707
2024-01-28 00:00:00+00,SKK,27.75400000000003
2024-01-28 00:00:00+00,FRXETH,0.00044227662769243315
2024-01-28 00:00:00+00,SKL,13.063357282821686
2024-01-28 00:00:00+00,TMM,17525.0
2024-01-28 00:00:00+00,GTC,0.8368200836820084
2024-01-28 00:00:00+00,PEN,3.7768053837095095
2024-01-28 00:00:00+00,WST,2.77513
2024-01-28 00:00:00+00,SHPING,254.93945188017847
2024-01-28 00:00:00+00,TMT,3.5024982155603137
2024-01-28 00:00:00+00,CLF,0.0334308999997009
2024-01-28 00:00:00+00,EUROC,0.9194134142417137
2024-01-28 00:00:00+00,GTQ,7.8218456666666665
2024-01-28 00:00:00+00,CLP,923.1833333333333
2024-01-28 00:00:00+00,DNT,35.97122302158273
2024-01-28 00:00:00+00,TND,3.1127999871498324
2024-01-28 00:00:00+00,HT,0.41714091855562907
2024-01-28 00:00:00+00,CLV,21.119324181626187
2024-01-28 00:00:00+00,SLE,22.5926
2024-01-28 00:00:00+00,FLOW,1.303780964797914
2024-01-28 00:00:00+00,UPI,1853.2932926252843
2024-01-28 00:00:00+00,SLL,20359.75
2024-01-28 00:00:00+00,$MYRO,5.783982577410516
2024-01-28 00:00:00+00,XVS,0.08111647236513077
2024-01-28 00:00:00+00,MEME,42.02509309568866
2024-01-28 00:00:00+00,LYXE,0.10540251104593742
2024-01-28 00:00:00+00,DOP,58.89414965775863
2024-01-28 00:00:00+00,UQC,0.10338507297804997
2024-01-28 00:00:00+00,DOT,0.1500037500937523
2024-01-28 00:00:00+00,SFUND,0.31826124828236707
2024-01-28 00:00:00+00,1INCH,2.5031289111389237
2024-01-28 00:00:00+00,MAD,9.972324931748608
2024-01-28 00:00:00+00,TON,0.4795730489574899
2024-01-28 00:00:00+00,TOP,2.367695
2024-01-28 00:00:00+00,PGK,3.738855
2024-01-28 00:00:00+00,FNSA,0.035409181152956715
2024-01-28 00:00:00+00,GYEN,154.26147319706902
2024-01-28 00:00:00+00,BLD,6.6786335590102635
2024-01-28 00:00:00+00,UNFI,0.1665278934221482
2024-01-28 00:00:00+00,CNH,7.18205
2024-01-28 00:00:00+00,APEX,0.44248642811198036
2024-01-28 00:00:00+00,FTM,2.6768501082874354
2024-01-28 00:00:00+00,NCT,82.47422680412372
2024-01-28 00:00:00+00,EVER,17.001879973661058
2024-01-28 00:00:00+00,WLUNA,24692.42185240987
2024-01-28 00:00:00+00,POWR,3.092624091541673
2024-01-28 00:00:00+00,ERN,0.5235602094240838
2024-01-28 00:00:00+00,FTN,0.657468563244877
2024-01-28 00:00:00+00,CORGIAI,583.7272978238137
2024-01-28 00:00:00+00,VOXEL,5.181347150259067
2024-01-28 00:00:00+00,RLC,0.4297840335231546
2024-01-28 00:00:00+00,RLB,8.05020790995421
2024-01-28 00:00:00+00,CNY,7.122305708103004
2024-01-28 00:00:00+00,ATOM,0.1034500594837842
2024-01-28 00:00:00+00,SAVAX,0.026650349334397517
2024-01-28 00:00:00+00,QUICK,0.0199494505122307
2024-01-28 00:00:00+00,PENDLE,0.43422255648879554
2024-01-28 00:00:00+00,BLZ,3.395009336275675
2024-01-28 00:00:00+00,BOBA,4.285408185129634
2024-01-28 00:00:00+00,TONE,531.7804676058871
2024-01-28 00:00:00+00,BMD,1.0
2024-01-28 00:00:00+00,SNT,24.789291026276647
2024-01-28 00:00:00+00,PHP,56.323334
2024-01-28 00:00:00+00,SNX,0.3092624091541673
2024-01-28 00:00:00+00,RLY,144.3939799670187
2024-01-28 00:00:00+00,COP,3919.831300003944
2024-01-28 00:00:00+00,USD,1.0
2024-01-28 00:00:00+00,API3,0.3348961821835231
2024-01-28 00:00:00+00,HOPR,13.937282229965156
2024-01-28 00:00:00+00,ROSE,9.376465072667605
2024-01-28 00:00:00+00,AKT,0.3332284373642795
2024-01-28 00:00:00+00,GLMR,2.605094151804152
2024-01-28 00:00:00+00,SATS,2012581.5027960865
2024-01-28 00:00:00+00,XYO,182.4817518248175
2024-01-28 00:00:00+00,SOL,0.010614021121902
2024-01-28 00:00:00+00,ETB,56.550027666666665
2024-01-28 00:00:00+00,ETC,0.0416146483562214
2024-01-28 00:00:00+00,SOS,571.535901
2024-01-28 00:00:00+00,VUV,115.86380760969865
2024-01-28 00:00:00+00,BNB,0.0032704766429131893
2024-01-28 00:00:00+00,LAK,20735.961219969748
2024-01-28 00:00:00+00,OGN,6.11807892321811
2024-01-28 00:00:00+00,UST,85.28784648187633
2024-01-28 00:00:00+00,CELR,57.570523891767415
2024-01-28 00:00:00+00,ETH,0.0004409530759784
2024-01-28 00:00:00+00,BND,1.340644
2024-01-28 00:00:00+00,NEO,0.0909609700812809
2024-01-28 00:00:00+00,CELO,1.4868225786376383
2024-01-28 00:00:00+00,KLAY,4.795429392776359
2024-01-28 00:00:00+00,AUCTION,0.0387897595034911
2024-01-28 00:00:00+00,MANTA,0.2779003145420335
2024-01-28 00:00:00+00,BADGER,0.3012048192771084
2024-01-28 00:00:00+00,MULTI,0.4509186650000445
2024-01-28 00:00:00+00,ALL,95.648396
2024-01-28 00:00:00+00,HIGH,0.6814310051107325
2024-01-28 00:00:00+00,SPA,171.7032967032967
2024-01-28 00:00:00+00,TRB,0.0084785281275171
2024-01-28 00:00:00+00,ALT,2.4708301799703802
2024-01-28 00:00:00+00,BNT,1.4397811532647038
2024-01-28 00:00:00+00,ORDI,0.017601350237063246
2024-01-28 00:00:00+00,SHDW,0.8643268093108009
2024-01-28 00:00:00+00,GYD,209.3253953251259
2024-01-28 00:00:00+00,BOB,6.9189247866826085
2024-01-28 00:00:00+00,MDL,17.7454975
2024-01-28 00:00:00+00,OHM,0.07434832510330398
2024-01-28 00:00:00+00,TRU,20.74688796680498
2024-01-28 00:00:00+00,AMD,405.8424530867996
2024-01-28 00:00:00+00,DREP,4.066988718718592
2024-01-28 00:00:00+00,ETHDYDX,0.36611703170189625
2024-01-28 00:00:00+00,TRY,30.282833333333333
2024-01-28 00:00:00+00,LBP,15021.768493912961
2024-01-28 00:00:00+00,TRX,8.891697666537704
2024-01-28 00:00:00+00,MDT,19.62515945442057
2024-01-28 00:00:00+00,NFT,2440234.3227659427
2024-01-28 00:00:00+00,AERGO,7.590132827324478
2024-01-28 00:00:00+00,EUR,0.9210236226339138
2024-01-28 00:00:00+00,AMP,279.72027972027973
2024-01-28 00:00:00+00,ORCA,0.2033905199678643
2024-01-28 00:00:00+00,CQT,4.013407414336142
2024-01-28 00:00:00+00,USTC,37.63446659880885
2024-01-28 00:00:00+00,MX,0.3637812387191696
2024-01-28 00:00:00+00,RON,4.58545
2024-01-28 00:00:00+00,NGN,899.8933434533717
2024-01-28 00:00:00+00,CRC,513.3898952633737
2024-01-28 00:00:00+00,PKR,279.70805282817713
2024-01-28 00:00:00+00,LUSD,0.9983001317878986
2024-01-28 00:00:00+00,ANG,1.7969474302501232
2024-01-28 00:00:00+00,EGLD,0.0186428038777032
2024-01-28 00:00:00+00,KAS,9.402734299120771
2024-01-28 00:00:00+00,SPELL,1890.00189000189
2024-01-28 00:00:00+00,PUNDIX,2.3307306840694557
2024-01-28 00:00:00+00,FXS,0.09802938946527043
2024-01-28 00:00:00+00,LCX,5.095541401273885
2024-01-28 00:00:00+00,CRO,12.217470983506415
2024-01-28 00:00:00+00,PLA,5.2854122621564485
2024-01-28 00:00:00+00,SRD,36.6331
2024-01-28 00:00:00+00,TTD,6.791033
2024-01-28 00:00:00+00,SFRXETH,0.00041203599724636816
2024-01-28 00:00:00+00,CRV,2.0885547201336676
2024-01-28 00:00:00+00,MNDE,4.147226542249871
2024-01-28 00:00:00+00,NU,11.313441881849469
2024-01-28 00:00:00+00,ANT,0.1729535273871911
2024-01-28 00:00:00+00,BAKE,2.9658637242898345
2024-01-28 00:00:00+00,FLUX,1.6650085660763063
2024-01-28 00:00:00+00,RPL,0.0335626783017285
2024-01-28 00:00:00+00,AOA,832.5000000000008
2024-01-28 00:00:00+00,PLN,4.023675
2024-01-28 00:00:00+00,AZERO,0.8666455067957278
2024-01-28 00:00:00+00,LDO,0.3261046796021523
2024-01-28 00:00:00+00,QNT,0.0092038656235619
2024-01-28 00:00:00+00,MAGIC,0.8973841252748239
2024-01-28 00:00:00+00,ALICE,0.8802816901408451
2024-01-28 00:00:00+00,PLU,0.2047082906857728
2024-01-28 00:00:00+00,SEAM,0.236778860383345
2024-01-28 00:00:00+00,MUSD,1.0011944900685168
2024-01-28 00:00:00+00,ETHW,0.37408212510960354
2024-01-28 00:00:00+00,MUSE,0.0731528895391368
2024-01-28 00:00:00+00,ETHX,0.0004321807295605399
2024-01-28 00:00:00+00,OP,0.32599837000815
2024-01-28 00:00:00+00,CANTO,4.075420916103089
2024-01-28 00:00:00+00,MGA,4540.169205333334
2024-01-28 00:00:00+00,OKB,0.0187667030862235
2024-01-28 00:00:00+00,OX,79.44444142628726
2024-01-28 00:00:00+00,SSP,1085.6441
2024-01-28 00:00:00+00,NEON,0.5714175577540277
2024-01-28 00:00:00+00,CTC,1.9048842314822894
2024-01-28 00:00:00+00,NIO,36.7077425
2024-01-28 00:00:00+00,APE,0.7082152974504249
2024-01-28 00:00:00+00,LEO,0.24858711546564358
2024-01-28 00:00:00+00,SSV,0.032844515379338995
2024-01-28 00:00:00+00,OKT,0.060125975962972984
2024-01-28 00:00:00+00,ETH2,0.0004409530759784
2024-01-28 00:00:00+00,KCS,0.10037090195656742
2024-01-28 00:00:00+00,BUSD,0.9994422349267463
2024-01-28 00:00:00+00,ARPA,15.810276679841897
2024-01-28 00:00:00+00,BRL,4.916266666666667
2024-01-28 00:00:00+00,MCO2,1.4297042238785826
2024-01-28 00:00:00+00,ALCX,0.0412031314379893
2024-01-28 00:00:00+00,00,14.357501794687725
2024-01-28 00:00:00+00,ALEX,3.5343320137501175
2024-01-28 00:00:00+00,MATIC,1.2690355329949239
2024-01-28 00:00:00+00,STD,22537.824018653733
2024-01-28 00:00:00+00,APT,0.1096491228070175
2024-01-28 00:00:00+00,CTX,0.5167958656330749
2024-01-28 00:00:00+00,STG,1.878008185250952
2024-01-28 00:00:00+00,PNG,13.338668800853675
2024-01-28 00:00:00+00,TVK,16.282667100871123
2024-01-28 00:00:00+00,IOTX,23.47142354183781
2024-01-28 00:00:00+00,SHIB,109589.04109589041
2024-01-28 00:00:00+00,KDA,0.9663783243576513
2024-01-28 00:00:00+00,ZAR,18.78842
2024-01-28 00:00:00+00,STN,22.589
2024-01-28 00:00:00+00,CUC,1.0
2024-01-28 00:00:00+00,BSD,1.0
2024-01-28 00:00:00+00,STX,0.6609385327164574
2024-01-28 00:00:00+00,QI,60.85130982444397
2024-01-28 00:00:00+00,PYTH,2.4994300634771696
2024-01-28 00:00:00+00,CUP,25.36945812807878
2024-01-28 00:00:00+00,TWD,31.269726728067965
2024-01-28 00:00:00+00,RSD,107.98932636212817
2024-01-28 00:00:00+00,FRAX,0.9993628434566754
2024-01-28 00:00:00+00,BSV,0.0137811538952425
2024-01-28 00:00:00+00,IOST,115.98161029525085
2024-01-28 00:00:00+00,SUI,0.7171286170174621
2024-01-28 00:00:00+00,CAKE,0.3849150664801133
2024-01-28 00:00:00+00,MSOL,0.0090826521344233
2024-01-28 00:00:00+00,WBETH,0.0004287445860268186
2024-01-28 00:00:00+00,OMG,1.4999184334953877
2024-01-28 00:00:00+00,OMI,1621.6092559431233
2024-01-28 00:00:00+00,BAND,0.5743825387708213
2024-01-28 00:00:00+00,PYUSD,1.000335112262608
2024-01-28 00:00:00+00,ASTR,5.350218000749402
2024-01-28 00:00:00+00,BTC,0.000023738993564
2024-01-28 00:00:00+00,NKN,9.178522257916475
2024-01-28 00:00:00+00,TWT,0.872240365907345
2024-01-28 00:00:00+00,UYU,38.89620680418534
2024-01-28 00:00:00+00,ARB,0.5563901407667056
2024-01-28 00:00:00+00,CVC,10.41124414367517
2024-01-28 00:00:00+00,IOTA,3.991658873199087
2024-01-28 00:00:00+00,VARA,13.444474321054047
2024-01-28 00:00:00+00,CVE,101.5370505
2024-01-28 00:00:00+00,BTG,0.04111746729962796
2024-01-28 00:00:00+00,OMR,0.384972
2024-01-28 00:00:00+00,MIR,51.864406966081845
2024-01-28 00:00:00+00,KES,162.71607016044192
2024-01-28 00:00:00+00,ARK,1.191597316551205
2024-01-28 00:00:00+00,LOKA,4.030632809351068
2024-01-28 00:00:00+00,BTN,83.1213725
2024-01-28 00:00:00+00,SVC,8.7539405
2024-01-28 00:00:00+00,ARS,823.14637
2024-01-28 00:00:00+00,BTT,1126506.8063847253
2024-01-28 00:00:00+00,CVX,0.3460806367883717
2024-01-28 00:00:00+00,ONE,67.58201603922026
2024-01-28 00:00:00+00,CETH,0.02194760560284034
2024-01-28 00:00:00+00,ANKR,40.0962309542903
2024-01-28 00:00:00+00,SUSHI,0.8969012063321224
2024-01-28 00:00:00+00,ALGO,5.970149253731344
2024-01-28 00:00:00+00,SYLO,450.4386930815394
2024-01-28 00:00:00+00,UZS,12390.7996985
2024-01-28 00:00:00+00,SC,113.99783630923199
2024-01-28 00:00:00+00,WBTC,0.0000237598854488
2024-01-28 00:00:00+00,ONT,4.233005936922621
2024-01-28 00:00:00+00,DYP,3.4167592038951056
2024-01-28 00:00:00+00,ASM,12.227181023415051
2024-01-28 00:00:00+00,RUB,89.82720233333333
2024-01-28 00:00:00+00,AST,9.119927040583676
2024-01-28 00:00:00+00,MANA,2.201430930104568
2024-01-28 00:00:00+00,MKD,56.6765115
2024-01-28 00:00:00+00,CSPR,27.067098071103008
2024-01-28 00:00:00+00,ATA,11.17245584930065
2024-01-28 00:00:00+00,DZD,134.6005
2024-01-28 00:00:00+00,QSP,193.85846558111638
2024-01-28 00:00:00+00,NMR,0.0512820512820513
2024-01-28 00:00:00+00,JEP,0.7870545271376401
2024-01-28 00:00:00+00,MKR,0.0004994593352696
2024-01-28 00:00:00+00,KGS,89.32
2024-01-28 00:00:00+00,LIT,1.2000480019200768
2024-01-28 00:00:00+00,ICP,0.0786132620573091
2024-01-28 00:00:00+00,ZEC,0.0439850450846712
2024-01-28 00:00:00+00,XAF,606.5609666666667
2024-01-28 00:00:00+00,NEST,324.4774143480179
2024-01-28 00:00:00+00,ICX,4.389320815087824
2024-01-28 00:00:00+00,XAG,0.04385674
2024-01-28 00:00:00+00,POLYX,6.111126851197733
2024-01-28 00:00:00+00,XAI,1.13156831309096
2024-01-28 00:00:00+00,ZEN,0.1235330450895615
2024-01-28 00:00:00+00,DESO,0.0257201646090535
2024-01-28 00:00:00+00,LOOM,11.2782364874385
2024-01-28 00:00:00+00,DOGE,12.480499219968799
2024-01-28 00:00:00+00,SXP,3.0143546209477785
2024-01-28 00:00:00+00,HBAR,13.439053890606102
2024-01-28 00:00:00+00,RVN,53.66557061369751
2024-01-28 00:00:00+00,PRO,2.0014009806864803
2024-01-28 00:00:00+00,TZS,2537.59
2024-01-28 00:00:00+00,XAU,0.0004953994999995
2024-01-28 00:00:00+00,MLN,0.0557880055788006
2024-01-28 00:00:00+00,PRQ,7.558578987150415
2024-01-28 00:00:00+00,ONDO,3.7937706286277932
2024-01-28 00:00:00+00,PEPE,913900.098368424
2024-01-28 00:00:00+00,AUD,1.5208109879867997
2024-01-28 00:00:00+00,KHR,4085.174352134905
2024-01-28 00:00:00+00,IDR,15789.654234535457
2024-01-28 00:00:00+00,CTSI,4.158004158004158
2024-01-28 00:00:00+00,BWP,13.610921
2024-01-28 00:00:00+00,RWF,1273.1340545
2024-01-28 00:00:00+00,KAVA,1.3988948730502904
2024-01-28 00:00:00+00,C98,4.22654268808115
2024-01-28 00:00:00+00,OSMO,0.63299151791366
2024-01-28 00:00:00+00,NTRN,0.840948992921025
2024-01-28 00:00:00+00,SYN,1.1337868480725624
2024-01-28 00:00:00+00,MMK,2100.303102
2024-01-28 00:00:00+00,NOK,10.42625877392324
2024-01-28 00:00:00+00,SYP,512.7950000000031
2024-01-28 00:00:00+00,CRPT,24.078807116904038
2024-01-28 00:00:00+00,STRAX,1.1604616570580377
2024-01-28 00:00:00+00,LKR,317.7933215542484
2024-01-28 00:00:00+00,GAL,0.5389382915656157
2024-01-28 00:00:00+00,CZK,22.80619997193744
2024-01-28 00:00:00+00,GAS,0.17489904097825662
2024-01-28 00:00:00+00,XCD,2.701275
2024-01-28 00:00:00+00,XCH,0.031538773406690576
2024-01-28 00:00:00+00,AVT,0.6493506493506493
2024-01-28 00:00:00+00,THETA,0.9985066834574922
2024-01-28 00:00:00+00,XCN,749.0636704119851
2024-01-28 00:00:00+00,SZL,18.789518
2024-01-28 00:00:00+00,YER,250.28835533333333
2024-01-28 00:00:00+00,LSETH,0.0004251447617914
2024-01-28 00:00:00+00,ORN,1.203369434416366
2024-01-28 00:00:00+00,NEXO,1.1538368438774094
2024-01-28 00:00:00+00,MASK,0.2923976608187135
2024-01-28 00:00:00+00,AWG,1.800625
2024-01-28 00:00:00+00,NPR,132.9240726628297
2024-01-28 00:00:00+00,AAVE,0.0109182225133748
2024-01-28 00:00:00+00,MNT,3436.698916126537
2024-01-28 00:00:00+00,PRIME,0.1374853921770812
2024-01-28 00:00:00+00,GBP,0.7871363344152879
2024-01-28 00:00:00+00,BONK,85984.52278589855
2024-01-28 00:00:00+00,BYN,3.2732109999996934
2024-01-28 00:00:00+00,XDC,21.947051980232104
2024-01-28 00:00:00+00,PERP,0.8519701810436635
2024-01-28 00:00:00+00,BYR,32732.099999986476
2024-01-28 00:00:00+00,BOND,0.3088806362923237
2024-01-28 00:00:00+00,YFI,0.0001374408918265
2024-01-28 00:00:00+00,CWBTC,0.001182287626623537
2024-01-28 00:00:00+00,XDR,0.751345
2024-01-28 00:00:00+00,WBT,0.1580562384545667
2024-01-28 00:00:00+00,LQTY,0.7832080200501254
2024-01-28 00:00:00+00,OLAS,0.19870536838466682
2024-01-28 00:00:00+00,TIME,0.0439753737906772
2024-01-28 00:00:00+00,BICO,2.847785846504343
2024-01-28 00:00:00+00,ALUSD,1.0138416533697856
2024-01-28 00:00:00+00,BZD,2.016835
2024-01-28 00:00:00+00,MOP,8.052931
2024-01-28 00:00:00+00,MONA,0.0048065824251429
2024-01-28 00:00:00+00,AXL,1.0508064939841328
2024-01-28 00:00:00+00,CHEEL,0.06331316797047384
2024-01-28 00:00:00+00,XEC,31479.993362516983
2024-01-28 00:00:00+00,PEOPLE,34.248684806769404
2024-01-28 00:00:00+00,AXS,0.1357773251866938
2024-01-28 00:00:00+00,ZIL,48.105517319750355
2024-01-28 00:00:00+00,HONEY,5.2124055251498564
2024-01-28 00:00:00+00,XEM,25.256317714077017
2024-01-28 00:00:00+00,TRAC,1.573192794777
2024-01-28 00:00:00+00,MPL,0.0799041150619257
2024-01-28 00:00:00+00,COMP,0.0179920834832674
2024-01-28 00:00:00+00,WAXL,1.0542406831479627
2024-01-28 00:00:00+00,HFT,3.0079711234772146
2024-01-28 00:00:00+00,WAMPL,0.1054296257248287
2024-01-28 00:00:00+00,OOKI,508.28932151405945
2024-01-28 00:00:00+00,RUNE,0.23202453211727747
2024-01-28 00:00:00+00,DEXT,1.3518080432578574
2024-01-28 00:00:00+00,FORTH,0.3053435114503817
2024-01-28 00:00:00+00,BORA,7.2037922081147086
2024-01-28 00:00:00+00,GHST,1.0576414595452142
2024-01-28 00:00:00+00,KMF,453.2660629397703
2024-01-28 00:00:00+00,MATH,6.13685179502915
2024-01-28 00:00:00+00,IDEX,19.704433497536947
2024-01-28 00:00:00+00,GEL,2.6775
2024-01-28 00:00:00+00,DEXE,0.33699042133807894
2024-01-28 00:00:00+00,AVAX,0.0300571085061617
2024-01-28 00:00:00+00,AZN,1.7036
2024-01-28 00:00:00+00,UAH,37.76160784502936
2024-01-28 00:00:00+00,KNC,1.658374792703151
2024-01-28 00:00:00+00,ALEPH,3.287851389117212
2024-01-28 00:00:00+00,GFI,0.8134049129656743
2024-01-28 00:00:00+00,MRO,375.652932367555
2024-01-28 00:00:00+00,LPT,0.1390820584144645
2024-01-28 00:00:00+00,MRU,39.585826
2024-01-28 00:00:00+00,GODS,3.449286859941707
2024-01-28 00:00:00+00,BORG,5.480397589284896
2024-01-28 00:00:00+00,PYG,7305.895836433856
2024-01-28 00:00:00+00,JMD,155.72856693881877
2024-01-28 00:00:00+00,XAUT,0.0004961896552312906
2024-01-28 00:00:00+00,PYR,0.1731002250302925
2024-01-28 00:00:00+00,BTRST,1.2755102040816326
2024-01-28 00:00:00+00,MKUSD,1.0073434320974906
2024-01-28 00:00:00+00,WAXP,17.16947650521517
2024-01-28 00:00:00+00,DAG,19.505873356793543
2024-01-28 00:00:00+00,SUKU,18.95734597156398
2024-01-28 00:00:00+00,DAI,1.000050002500125
2024-01-28 00:00:00+00,GGP,0.7870545834978147
2024-01-28 00:00:00+00,DAO,1.0407906967979508
2024-01-28 00:00:00+00,DAR,8.403361344537815
2024-01-28 00:00:00+00,FET,1.6030779095864058
2024-01-28 00:00:00+00,CBETH,0.0004168985664943
2024-01-28 00:00:00+00,VEF,3609430.000139039
2024-01-28 00:00:00+00,ZMK,5223.775
2024-01-28 00:00:00+00,LRC,4.158004158004158
2024-01-28 00:00:00+00,ALPH,0.4916483803681662
2024-01-28 00:00:00+00,REPV2,1.2208325851175321
2024-01-28 00:00:00+00,LRD,189.557483
2024-01-28 00:00:00+00,MOBILE,329.37454493453043
2024-01-28 00:00:00+00,CORE,2.006133204992792
2024-01-28 00:00:00+00,TAO,0.002775680124179739
2024-01-28 00:00:00+00,MTL,0.6802721088435374
2024-01-28 00:00:00+00,VET,35.27959075674722
2024-01-28 00:00:00+00,VES,36.10817566666667
2024-01-28 00:00:00+00,ZMW,26.98227
2024-01-28 00:00:00+00,USDT,1.000005000025
2024-01-28 00:00:00+00,OXT,10.298661174047373
2024-01-28 00:00:00+00,DASH,0.0355998576005696
2024-01-28 00:00:00+00,POKT,3.8445013188466115
2024-01-28 00:00:00+00,USDP,0.9997288940884639
2024-01-28 00:00:00+00,ILS,3.686475
2024-01-28 00:00:00+00,ILV,0.0136836343732895
2024-01-28 00:00:00+00,GHS,12.234523432401
2024-01-28 00:00:00+00,KPW,135.00000000000014
2024-01-28 00:00:00+00,EDU,1.607588213665733
2024-01-28 00:00:00+00,MEDIA,0.0730727073438071
2024-01-28 00:00:00+00,JOD,0.7093
2024-01-28 00:00:00+00,GUSD,1.0005002501250626
2024-01-28 00:00:00+00,HKD,7.815816666666667
2024-01-28 00:00:00+00,JOE,2.202368204197366
2024-01-28 00:00:00+00,LSL,18.809678091622917
2024-01-28 00:00:00+00,LSK,0.8228434032050835
2024-01-28 00:00:00+00,KEEP,7.780284758422158
2024-01-28 00:00:00+00,CAD,1.3455031777740647
2024-01-28 00:00:00+00,EEK,14.4146
2024-01-28 00:00:00+00,MUR,45.2194251171328
2024-01-28 00:00:00+00,IMP,0.7870545834978147
2024-01-28 00:00:00+00,GIP,0.7870545271376401
2024-01-28 00:00:00+00,BEAM,54.74447860004348
2024-01-28 00:00:00+00,DCR,0.05449403117926314
2024-01-28 00:00:00+00,IMX,0.5159559373629492
2024-01-28 00:00:00+00,WIF,2.9038196916264147
2024-01-28 00:00:00+00,USDD,1.0063760495122116
2024-01-28 00:00:00+00,LTC,0.0146961569549563
2024-01-28 00:00:00+00,USDC,1.0
2024-01-28 00:00:00+00,METIS,0.0115874855156431
2024-01-28 00:00:00+00,XMON,0.001102197184806
2024-01-28 00:00:00+00,STETH,0.0004415368341127108
2024-01-28 00:00:00+00,RETH,0.00040194375654242786
2024-01-28 00:00:00+00,NXM,0.020559292465704596
2024-01-28 00:00:00+00,INJ,0.0285371839506877
2024-01-28 00:00:00+00,KRL,2.697599136768276
2024-01-28 00:00:00+00,LTL,3.0085585254952902
2024-01-28 00:00:00+00,SAR,3.749971
2024-01-28 00:00:00+00,VGX,8.70283976160685
2024-01-28 00:00:00+00,MVR,15.402399626032315
2024-01-28 00:00:00+00,TRIBE,2.9054837611790036
2024-01-28 00:00:00+00,DYDX,0.3662387129240132
2024-01-28 00:00:00+00,AGIX,3.6479851915597497
2024-01-28 00:00:00+00,MUBI,7.501928332246722
2024-01-28 00:00:00+00,INR,83.12006662044209
2024-01-28 00:00:00+00,INV,0.0306138068268789
2024-01-28 00:00:00+00,POND,62.34413965087282
2024-01-28 00:00:00+00,KRW,1337.1724662299293
2024-01-28 00:00:00+00,JPY,148.17766632322807
2024-01-28 00:00:00+00,SBD,8.433051
2024-01-28 00:00:00+00,STSOL,0.009188454258392157
2024-01-28 00:00:00+00,XLM,8.600264028105663
2024-01-28 00:00:00+00,DDX,18.66400984439528
2024-01-28 00:00:00+00,LINK,0.0697058413495051
2024-01-28 00:00:00+00,DORA,5.488215976019621
2024-01-28 00:00:00+00,QTUM,0.3417817623541397
2024-01-28 00:00:00+00,MWK,1683.9220085
2024-01-28 00:00:00+00,SUPER,1.5711659622605936
2024-01-28 00:00:00+00,POLS,1.2431626056688214
2024-01-28 00:00:00+00,KSM,0.0255819902788437
2024-01-28 00:00:00+00,FIL,0.1875996623206078
2024-01-28 00:00:00+00,POLY,6.406504035976422
2024-01-28 00:00:00+00,RNDR,0.244968950185564
2024-01-28 00:00:00+00,BAL,0.2735978112175103
2024-01-28 00:00:00+00,BAM,1.800345
2024-01-28 00:00:00+00,GALA,43.03964979974496
2024-01-28 00:00:00+00,EGP,30.900699984142722
2024-01-28 00:00:00+00,FIS,2.5166729583490626
2024-01-28 00:00:00+00,RAD,0.4807692307692308
2024-01-28 00:00:00+00,BAT,4.335667367599558
2024-01-28 00:00:00+00,MXC,107.59902250562945
2024-01-28 00:00:00+00,NZD,1.642358151181795
2024-01-28 00:00:00+00,MOVR,0.03988680142997518
2024-01-28 00:00:00+00,RAI,0.3508771929824561
2024-01-28 00:00:00+00,XMR,0.006239080999855811
2024-01-28 00:00:00+00,COTI,17.621145374449338
